word,count
a,7
accuracy,1
adoption,1
agreement,1
ai,1
algorithms,1
all,2
amid,1
ancient,1
announced,2
announces,2
apartment,1
archaeological,1
artificial,2
available,2
award,1
b,2
barely,1
big,1
bike,1
blueberry,1
bowl,1
breakfast,1
breakthrough,3
c,6
caesar,1
cake,1
camera,1
central,1
championship,1
change,1
chocolate,1
classic,1
climate,2
company,1
completes,1
computing,1
condition,2
curry,1
d,1
desert,1
diagnostics,1
discovery,1
downtown,1
e,7
economic,1
energy,2
equipment,1
event,1
excellent,1
expansion,1
f,2
festival,1
film,1
for,5
g,3
global,1
globally,1
great,1
green,2
guitar,1
h,4
healthcare,1
high,2
historic,1
history,1
huge,1
i,9
improve,1
in,4
india,1
industry,1
intelligence,2
international,1
is,1
italian,1
k,1
l,5
launch,1
learning,1
local,1
looking,2
machine,1
major,2
market,2
medical,1
mediterranean,1
milestone,1
motorcycle,1
mountain,1
n,10
near,1
new,3
news,1
northern,1
o,4
of,1
omelette,1
opens,1
optimism,1
p,1
pancakes,1
park,1
part,1
photography,1
plant,1
professional,2
q,1
quantum,1
quick,1
quinoa,1
r,4
rajinokant,1
reaches,4
region,1
renewable,2
rent,1
research,1
revolutionary,1
revolutionizes,1
rewrites,1
risotto,1
roommate,2
s,4
salad,1
sale,2
selling,1
services,1
share,1
smoothie,1
soup,1
space,1
station,1
stock,1
summit,1
t,5
team,1
tech,1
technology,1
thai,1
the,1
there,1
time,2
to,1
u,2
used,1
veggie,1
vintage,2
w,1
winners,1
wins,1
y,2
